Charges_To_Tenure_Ratio,Tenure Months_Log,Is_Month_To_Month_Electronic,Service_Density,Tenure Months,Tenure_Years,Is_Long_Term,Is_New_Customer,Services_Per_Dollar,Is_Family,Total Charges_Log,Is_Long_Term_Auto_Pay,Monthly Charges_Log,Total Charges,Price_Sensitivity,Monthly Charges,Security_Services,Entertainment_Ratio,Security_Ratio,Has_Full_Security,Entertainment_Services,Has_Full_Entertainment,Has_Premium_Tech,Is_Senior_Family,Service_Count,Avg_Monthly_Revenue,Revenue_Growth_Rate,Distance_From_Center,Longitude,Latitude,Actual,Predicted,Probability,Misclassified
2.5027777777777778,2.8903717578961645,1,0.1111111111111111,17,1.4166666666666667,0,0,0.044296788482835,0,6.648466281031574,0,3.8297277627013155,770.6,0.019730211230279363,45.05,0,0.0,0.0,0,0,0,0,0,2,45.06432748538011,2.6655136630923555,2.373901479693063,-119.489162,38.636052,1,0,0.3306691070308182,1
1.7265625,3.4657359027997265,1,0.125,31,2.5833333333333335,1,0,0.07226738934056007,0,7.448129996204678,0,4.029806041084529,1715.65,0.024197428867323748,55.25,2,0.0,0.48780487804878053,0,0,0,0,0,4,55.165594855305464,1.7850900010404744,0.45917678683995483,-119.753649,36.739385,1,0,0.1396843164205866,1
3.15,3.1780538303479458,0,0.125,23,1.9166666666666667,0,0,0.039630118890356676,0,7.472841789474565,0,4.338597076746545,1758.6,0.03310996601574073,75.6,0,0.0,0.0,0,0,0,0,0,3,76.12987012987013,3.3237573237573232,3.6584911034942276,-117.200006,33.707483,1,0,0.3545901166055445,1
0.4434782608695652,3.828641396489095,0,0.021739130434782608,45,3.75,1,0,0.04878048780487805,0,6.836742511735718,0,3.0633909220278057,930.45,0.008934435274088768,20.4,0,0.0,0.0,0,0,0,0,0,1,20.630820399113084,0.45945879215841195,2.9710369654653137,-118.067402,33.8681,1,0,0.04248206939254107,1
10.14,1.6094379124341003,0,0.6,4,0.3333333333333333,0,1,0.05905511811023621,0,5.025852259901116,0,3.9454577815143836,151.3,0.022204699431191206,50.7,1,0.0,0.3225806451612903,0,0,0,0,0,3,36.90243902439025,9.397515527950311,2.6032189343050094,-118.491156,34.031529,1,0,0.4411963776729046,1
27.45,0.6931471805599453,1,2.0,1,0.08333333333333333,0,1,0.07272727272727272,0,4.023564380161053,0,4.023564380161053,54.9,0.024044141987621247,54.9,2,0.0,0.48780487804878053,0,0,0,0,0,4,49.90909090909091,49.90909090909091,2.600375487459729,-118.328915,34.137411,1,0,0.4960881798964305,1
12.08,1.6094379124341003,0,1.0,4,0.3333333333333333,0,1,0.08264462809917356,0,5.610021094841726,0,4.117409835153096,272.15,0.02645293581151773,60.4,3,0.0,0.5882352941176471,0,0,0,0,0,5,66.3780487804878,16.90372670807453,5.369416658666853,-115.662709,32.858595,1,0,0.1330779094691606,1
2.607894736842105,2.9444389791664403,0,0.15789473684210525,18,1.5,0,0,0.06042296072507553,0,6.779182998182373,0,3.9229629454664803,878.35,0.02170104254074012,49.55,1,0.0,0.3225806451612903,0,0,0,0,0,3,48.527624309392266,2.7101203332304844,3.4587022193143513,-121.895718,39.033058,1,0,0.19010446207579976,1
5.696153846153846,2.5649493574615367,0,0.46153846153846156,12,1.0,0,0,0.08091706001348618,0,6.772679837785048,0,4.318154558079471,872.65,0.03243112411991536,74.05,1,0.3278688524590164,0.1639344262295082,0,2,1,0,0,6,72.1198347107438,6.055863983344899,2.787597403603336,-122.175602,37.739113,1,0,0.39150941783923676,1
3.0439999999999996,3.2188758248682006,1,0.12,24,2.0,0,0,0.03937007874015749,0,7.446410054666804,0,4.345103280569283,1712.7,0.03332894727245859,76.1,0,0.0,0.0,0,0,0,0,0,3,71.06639004149378,2.972921367818087,5.020534734276425,-116.304991,32.677097,1,0,0.4926430727372039,1
5.314285714285715,2.639057329615259,0,0.21428571428571427,13,1.0833333333333333,0,0,0.040268456375838924,0,6.799891633106192,0,4.32280727501391,896.75,0.03258441099961787,74.4,0,0.0,0.0,0,0,0,0,0,3,68.45419847328245,5.30307510348906,2.8926668502726693,-121.363411,38.715498,1,0,0.4798951245602624,1
5.477777777777778,2.8903717578961645,0,0.3333333333333333,17,1.4166666666666667,0,0,0.06079027355623101,0,7.441877419298563,0,4.601162164590552,1704.95,0.043183103824762384,98.6,2,0.3278688524590164,0.3278688524590164,0,2,1,1,0,6,99.70467836257309,5.897440332065029,6.36754428471522,-122.948287,41.816595,1,0,0.4665536602279266,1
12.525,0.6931471805599453,0,0.5,1,0.08333333333333333,0,1,0.03976143141153081,0,3.260017768199376,0,3.260017768199376,25.05,0.010970960961564885,25.05,0,0.0,0.0,0,0,0,0,0,1,22.77272727272727,22.77272727272727,3.9474190312777533,-121.062384,40.022184,1,0,0.4892216026043816,1
4.085714285714285,3.044522437723423,0,0.19047619047619047,20,1.6666666666666667,0,0,0.046565774155995346,0,7.455009259361679,0,4.463606621666305,1727.5,0.03757718365278512,85.8,0,0.24390243902439027,0.0,0,1,0,0,0,4,85.94527363184079,4.3176705823544115,0.9012001387843405,-119.730885,35.38381,1,0,0.4971658799273907,1
3.137142857142857,3.5553480614894135,0,0.22857142857142856,34,2.8333333333333335,1,0,0.07279344858962694,0,8.18541989745149,0,4.707726774313183,3587.25,0.04808828397524249,109.8,3,0.2469135802469136,0.3703703703703704,1,2,1,0,0,8,105.19794721407624,3.1028890234408792,2.864600321217521,-120.212535,39.117018,1,0,0.27474435307858347,1
3.0236842105263158,2.9444389791664403,1,0.21052631578947367,18,1.5,0,0,0.06950477845351867,0,6.899571886174118,0,4.068171687918078,990.85,0.025160946396882343,57.45,1,0.24390243902439027,0.24390243902439027,0,1,0,0,0,4,54.74309392265193,3.0572354211663066,2.8740895710685983,-122.244314,37.792489,1,0,0.4033118742979809,1
3.428846153846154,3.258096538021482,0,0.19230769230769232,25,2.0833333333333335,1,0,0.056022408963585436,0,7.722566841906438,0,4.501474949649326,2257.75,0.03904435807279479,89.15,2,0.19607843137254904,0.3921568627450981,0,1,0,0,0,5,89.95019920318724,3.611822108462646,4.206139356278569,-116.823091,33.309852,1,0,0.23207225890672206,1
10.2,0.6931471805599453,0,0.5,1,0.08333333333333333,0,1,0.04878048780487805,0,3.0633909220278057,0,3.0633909220278057,20.4,0.008934435274088768,20.4,0,0.0,0.0,0,0,0,0,0,1,18.545454545454543,18.545454545454543,2.517338486023317,-120.209673,38.766036,1,0,0.4128162544127388,1
1.626,3.2188758248682006,0,0.12,24,2.0,0,0,0.0736196319018405,0,6.83979758579891,0,3.7293013686128518,933.3,0.01780317617116218,40.65,1,0.3225806451612903,0.3225806451612903,0,1,0,0,0,3,38.72614107883817,1.6200312445755944,2.814461106957984,-118.046695,34.079934,1,0,0.12227880719572637,1
1.4207142857142858,4.248495242049359,0,0.08571428571428572,69,5.75,1,0,0.06027122049221497,0,8.854893245389706,0,4.609660091260944,7007.6,0.04355537196118275,99.45,1,0.3278688524590164,0.1639344262295082,0,2,1,0,0,6,101.4124457308249,1.4718447417613576,5.799685720306442,-115.152865,32.811001,1,0,0.19673739424577952,1
1.7276785714285714,4.02535169073515,1,0.10714285714285714,55,4.583333333333333,1,0,0.061951471347444505,1,8.564057693163521,0,4.582413198865475,5238.9,0.042372873174906296,96.75,2,0.1639344262295082,0.3278688524590164,0,1,0,0,0,6,95.07985480943738,1.7318105186605401,2.826374415484948,-118.330794,33.867257,1,0,0.053801389118747725,1
14.975,0.6931471805599453,0,1.0,1,0.08333333333333333,0,1,0.06655574043261231,0,3.432372999130605,0,3.432372999130605,29.95,0.013116977277399933,29.95,1,0.0,0.47619047619047616,0,0,0,0,0,2,27.227272727272723,27.227272727272723,2.6107816461500524,-118.267539,34.167926,1,0,0.4652964133854197,1
2.304054054054054,3.6109179126442243,0,0.10810810810810811,36,3.0,1,0,0.04686584651435267,0,8.049985649472504,0,4.457250055911469,3132.75,0.03733630427039547,85.25,0,0.24390243902439027,0.0,0,1,0,0,0,4,86.77977839335179,2.417058868914436,1.077054236901445,-120.864443,36.125529,1,0,0.4761571672870145,1
6.883333333333333,1.0986122886681096,0,0.3333333333333333,2,0.16666666666666666,0,1,0.04819277108433735,0,3.681351187693145,0,3.075005454448499,38.7,0.0090439259024477,20.65,0,0.0,0.0,0,0,0,0,0,1,18.42857142857143,9.439024390243905,4.206424502523888,-116.429928,33.763678,1,0,0.16215409462269506,1
1.9372727272727273,4.007333185232471,0,0.12727272727272726,54,4.5,1,0,0.06563525550867323,0,8.659439002954457,0,4.677955855713739,5763.3,0.04666490580657639,106.55,2,0.28169014084507044,0.28169014084507044,0,2,1,0,0,7,106.53049907578558,1.9763725523816056,4.494196026345033,-121.579609,40.408796,1,0,0.40005815145807755,1
9.7,0.6931471805599453,0,0.5,1,0.08333333333333333,0,1,0.05128205128205128,0,3.0155349008501706,0,3.0155349008501706,19.4,0.008496472760653044,19.4,0,0.0,0.0,0,0,0,0,0,1,17.636363636363633,17.636363636363633,2.9612882131241904,-122.40712,37.684694,1,0,0.3276850532134018,1
10.01,1.6094379124341003,0,0.6,4,0.3333333333333333,0,1,0.05982053838484547,0,5.194899407349548,0,3.9328055446106744,179.35,0.021920023797457982,50.05,1,0.0,0.3225806451612903,0,0,0,0,0,3,43.743902439024396,11.13975155279503,2.4637125033973835,-118.445461,34.223768,1,0,0.42959225122765476,1
12.475,1.3862943611198906,0,0.75,3,0.25,0,1,0.06,0,4.875960390769654,0,3.929862923556477,130.1,0.021854329420442624,49.9,1,0.0,0.3225806451612903,0,0,0,0,0,3,41.967741935483865,14.296703296703297,5.3247447032795545,-115.497485,33.143826,1,0,0.4572027286390203,1
1.5609375,4.1588830833596715,0,0.09375,63,5.25,1,0,0.06,0,8.722254235179681,0,4.6141299273595635,6137.0,0.043752455092228824,99.9,1,0.3278688524590164,0.1639344262295082,0,2,1,0,0,6,97.25832012678288,1.546194351364289,0.45917678683995483,-119.753649,36.739385,1,0,0.28805291837645824,1
3.425,3.258096538021482,0,0.19230769230769232,25,2.0833333333333335,1,0,0.05608524957936063,0,7.686368893721923,0,4.500365071621965,2177.45,0.039000561821451216,89.05,1,0.19607843137254904,0.19607843137254904,0,1,0,0,0,5,86.75099601593624,3.4833626619740836,3.9206217659014344,-117.029473,33.507255,1,0,0.4100769958123627,1
2.390909090909091,3.4965075614664802,1,0.12121212121212122,32,2.6666666666666665,1,0,0.05063291139240506,0,7.803414640247219,0,4.380775852772229,2447.95,0.03455524231007862,78.9,1,0.0,0.24390243902439027,0,0,0,0,0,4,76.26012461059189,2.3903427399668002,5.303077539624156,-115.60503,33.03679,1,0,0.48088910082652614,1
2.0390625,3.4657359027997265,0,0.1875,31,2.5833333333333335,1,0,0.09181331293037491,0,7.598549693958486,0,4.193435464866331,1994.3,0.02857705400168099,65.25,3,0.0,0.49180327868852464,0,0,0,0,0,6,64.12540192926045,2.075018208302986,3.3865939946627064,-117.361788,33.930931,1,0,0.07884164414508779,1
2.02,4.007333185232471,1,0.14545454545454545,54,4.5,1,0,0.07194244604316548,0,8.702152931808193,0,4.719391330078114,6014.85,0.04865763524270893,111.1,3,0.2469135802469136,0.3703703703703704,0,2,1,1,0,8,111.18022181146026,2.0626350262336683,3.1327628376128427,-117.663025,33.990646,1,0,0.30177755578591514,1
7.666666666666667,1.791759469228055,0,0.3333333333333333,5,0.4166666666666667,0,1,0.04338394793926247,0,5.405825574263321,0,3.8501476017100584,221.7,0.020146275618043302,46.0,0,0.0,0.0,0,0,0,0,0,2,43.470588235294116,8.832669322709162,3.2730253449743745,-117.874882,33.634626,1,0,0.3909190666616109,1
1.6516129032258065,3.4339872044851463,0,0.12903225806451613,30,2.5,1,0,0.07797270955165692,1,7.354042381610556,0,3.955082494888593,1561.5,0.022423680687909068,51.2,1,0.48780487804878053,0.24390243902439027,0,2,1,0,0,4,51.87707641196013,1.7348072436395956,3.010257436560147,-121.114408,38.99003,1,0,0.040643868128695,1
3.48125,2.772588722239781,0,0.25,15,1.25,0,0,0.07168458781362007,0,6.803283257385426,0,4.037774210733707,899.8,0.024394511998369825,55.7,1,0.0,0.24390243902439027,0,0,0,0,0,4,59.58940397350993,3.9973345179920035,2.8189494757026714,-118.249826,33.927254,1,0,0.23356971736146545,1
1.4615384615384615,2.5649493574615367,0,0.07692307692307693,12,1.0,0,0,0.05235602094240837,0,5.457668784774467,0,2.995732273553991,233.55,0.008321287755278755,19.0,0,0.0,0.0,0,0,0,0,0,1,19.301652892561986,1.6207494795281057,3.0977514219610134,-117.906099,33.830209,1,0,0.06679194179610098,1
3.2772727272727273,3.4965075614664802,0,0.24242424242424243,32,2.6666666666666665,1,0,0.07390300230946882,0,8.141451920474294,0,4.692723082995953,3432.9,0.04736564582807355,108.15,3,0.2469135802469136,0.3703703703703704,0,2,1,1,0,8,106.94392523364486,3.352114051362172,2.027091723497687,-118.584212,34.659579,1,0,0.24920350044980047,1
25.225,0.6931471805599453,0,1.5,1,0.08333333333333333,0,1,0.05934718100890207,1,3.9406104622800586,0,3.9406104622800586,50.45,0.022095208802832274,50.45,1,0.0,0.3225806451612903,0,0,0,0,0,3,45.86363636363636,45.86363636363636,6.159900562899113,-122.935922,41.5837,1,0,0.20274140325214257,1
1.599264705882353,4.219507705176107,0,0.11764705882352941,67,5.583333333333333,1,0,0.07349563619660084,0,8.875874122017708,1,4.698205051955281,7156.2,0.047628423336134984,108.75,3,0.2469135802469136,0.3703703703703704,0,2,1,1,0,8,106.64977645305515,1.594127998930743,5.6340423410719325,-115.191857,33.03933,1,0,0.09402308713042797,1
2.009,3.912023005428146,0,0.12,49,4.083333333333333,1,0,0.059671805072103436,0,8.505687251230036,0,4.619566066271823,4941.8,0.04399333447461847,100.45,1,0.3278688524590164,0.1639344262295082,0,2,1,0,0,6,100.64765784114053,2.0581400191578862,4.407194561808345,-117.166877,32.747484,1,0,0.42775506811235325,1
31.025,0.6931471805599453,0,2.5,1,0.08333333333333333,0,1,0.08045052292839903,0,4.143928062410929,0,4.143928062410929,62.05,0.02717557395868667,62.05,2,0.0,0.3921568627450981,0,0,0,0,0,5,56.4090909090909,56.4090909090909,3.196561106059377,-121.409837,39.043387,1,0,0.31127881578070143,1
1.384507042253521,4.2626798770413155,0,0.08450704225352113,70,5.833333333333333,1,0,0.06097560975609757,0,8.83353560436123,1,4.598145571051127,6859.5,0.04305171507073167,98.3,1,0.3278688524590164,0.1639344262295082,0,2,1,0,0,6,97.85306704707561,1.3998693904206037,4.3169095873923515,-117.013454,32.984395,1,0,0.07671100450816146,1
2.3875,3.58351893845611,0,0.2222222222222222,35,2.9166666666666665,1,0,0.09296920395119117,0,8.042731640386172,0,4.465333240800292,3110.1,0.03764287802980048,85.95,3,0.2469135802469136,0.3703703703703704,0,2,1,0,0,8,88.6068376068376,2.5386499061301118,3.2194774041634413,-117.905471,33.678591,1,0,0.1178319236758088,1
1.6288732394366199,4.2626798770413155,0,0.1267605633802817,70,5.833333333333333,1,0,0.07775377969762419,0,8.983420951029988,0,4.759177998467439,7968.85,0.05065036467884148,115.65,4,0.21978021978021978,0.43956043956043955,1,2,1,1,0,9,113.67831669044224,1.6262627293320544,4.418294022952194,-122.091481,40.059385,1,0,0.1325639276033359,1
1.9474137931034483,4.060443010546419,0,0.13793103448275862,57,4.75,1,0,0.07076514816452897,0,8.774312958285378,1,4.735759755691693,6465.0,0.04946786589256502,112.95,3,0.2469135802469136,0.3703703703703704,1,2,1,0,0,8,113.22241681260945,1.9897817857252778,2.6458598969877665,-117.894868,34.445239,1,0,0.15236194307697487,1
7.4375,2.0794415416798357,0,0.5,7,0.5833333333333334,0,0,0.06711409395973154,0,6.032966310532994,0,4.102643365036796,415.95,0.026058769549425577,59.5,1,0.24390243902439027,0.24390243902439027,0,1,0,0,0,4,58.58450704225352,8.471486761710795,5.294726581050089,-122.418258,40.883853,1,0,0.31778907800225126,1
24.625,0.6931471805599453,0,1.5,1,0.08333333333333333,0,1,0.060790273556231005,1,3.917010546939185,0,3.917010546939185,49.25,0.021569653786709404,49.25,1,0.0,0.3225806451612903,0,0,0,0,1,3,44.772727272727266,44.772727272727266,2.7010337977562084,-121.266725,38.549822,1,0,0.26080687311742595,1
6.616666666666667,1.0986122886681096,0,0.3333333333333333,2,0.16666666666666666,0,1,0.05012531328320801,0,3.6082115510464816,0,3.0373539482448106,35.9,0.008693555891699121,19.85,0,0.0,0.0,0,0,0,0,0,1,17.095238095238095,8.75609756097561,0.2885557877354016,-120.080117,36.217864,1,0,0.1553001140080945,1
10.1,0.6931471805599453,0,0.5,1,0.08333333333333333,0,1,0.04926108374384236,0,3.054001181677967,0,3.054001181677967,20.2,0.008846842771401624,20.2,0,0.0,0.0,0,0,0,0,0,1,18.36363636363636,18.36363636363636,0.5838617134608979,-119.224243,36.385818,1,0,0.42075963958474366,1
6.433333333333334,1.0986122886681096,0,0.3333333333333333,2,0.16666666666666666,0,1,0.05154639175257732,0,3.3775875160230218,0,3.0106208860477417,28.3,0.008452676509309472,19.3,0,0.0,0.0,0,0,0,0,0,1,13.476190476190476,6.902439024390245,3.289130034898064,-117.300864,34.142747,1,0,0.1747986803449298,1
3.482142857142857,2.639057329615259,0,0.2857142857142857,13,1.0833333333333333,0,0,0.0818833162743091,0,6.452679670320638,0,3.907010463604602,633.4,0.021350672529991545,48.75,1,0.48780487804878053,0.24390243902439027,0,2,1,0,0,4,48.351145038167935,3.745712596096984,0.510374371898169,-119.498771,35.869626,1,0,0.2662835877517737,1
2.8092105263157894,3.6375861597263857,0,0.18421052631578946,37,3.0833333333333335,1,0,0.06551240056153486,0,8.30838391178518,0,4.6798137289838575,4056.75,0.046752498309263535,106.75,2,0.28169014084507044,0.28169014084507044,0,2,1,0,0,7,109.34636118598382,2.9630779344094664,4.684998293545732,-122.388361,40.186772,1,0,0.44293156734994565,1
5.673076923076923,2.5649493574615367,0,0.23076923076923078,12,1.0,0,0,0.04062288422477996,0,6.771248034327474,0,4.314149212270796,871.4,0.032299735365884645,73.75,0,0.0,0.0,0,0,0,0,0,3,72.01652892561984,6.047189451769604,2.7606170880752074,-118.089431,34.114772,1,0,0.46771636043572046,1
4.9,1.3862943611198906,0,0.25,3,0.25,0,1,0.05076142131979695,0,4.1067670822206574,0,3.0252910757955354,59.75,0.00858406526334019,19.6,0,0.0,0.0,0,0,0,0,0,1,19.274193548387096,6.565934065934067,2.8313374333777883,-122.039144,38.013825,1,0,0.1867991215488035,1
3.466666666666667,2.4849066497880004,0,0.25,11,0.9166666666666666,0,0,0.07194244604316546,0,6.156131168663216,0,3.751854253275325,470.6,0.01821924055892612,41.6,1,0.3225806451612903,0.3225806451612903,0,1,0,0,0,3,42.3963963963964,3.886044591246904,2.593389850643093,-122.131337,37.416159,1,0,0.2965687121279905,1
1.636764705882353,4.219507705176107,0,0.11764705882352941,67,5.583333333333333,1,0,0.0718132854578097,0,8.92040242361528,0,4.721173861744397,7482.1,0.04874522774539607,111.3,3,0.2469135802469136,0.3703703703703704,1,2,1,0,0,8,111.50670640834576,1.6667260698135484,3.3296514108721187,-117.821841,33.603282,1,0,0.18885485266055427,1
4.045833333333333,2.4849066497880004,0,0.25,11,0.9166666666666666,0,0,0.06166495375128469,0,6.218600119691729,0,3.902982260775997,501.0,0.0212630800273044,48.55,1,0.0,0.3225806451612903,0,0,0,0,0,3,45.13513513513514,4.137076796036334,2.7399087287421806,-118.112911,34.122671,1,0,0.21040308721911638,1
4.3125,2.0794415416798357,1,0.375,7,0.5833333333333334,0,0,0.08670520231213873,1,5.635682061952269,0,3.56953269648137,279.25,0.015109706713532477,34.5,2,0.0,0.6451612903225806,0,0,0,0,0,3,39.33098591549296,5.687372708757637,2.7518987709536913,-121.971504,37.971421,1,0,0.06443793615797869,1
4.3125,2.772588722239781,0,0.125,15,1.25,0,0,0.028943560057887122,0,6.903546434208082,0,4.248495242049359,994.8,0.030219413427064953,69.0,0,0.0,0.0,0,0,0,0,0,2,65.88079470198676,4.419369169258108,3.0267559318217825,-117.362274,34.486835,1,0,0.3446501932430678,1
16.716666666666665,1.0986122886681096,0,1.0,2,0.16666666666666666,0,1,0.05970149253731343,0,4.754451888703846,0,3.9347624923976356,115.1,0.021963820048801555,50.15,1,0.0,0.3225806451612903,0,0,0,0,0,3,54.8095238095238,28.073170731707318,3.9788769919441775,-117.072619,33.384345,1,0,0.48579214662196757,1
1.619047619047619,4.143134726391533,0,0.1111111111111111,62,5.166666666666667,1,0,0.06856023506366309,0,8.784200506376834,0,4.634728988229636,6529.25,0.04467217637044384,102.0,3,0.14084507042253522,0.4225352112676057,0,1,0,1,0,7,105.14090177133656,1.6985120054108895,2.918251325003787,-121.939461,38.265899,1,0,0.1497588115282897,1
3.8869565217391306,3.1354942159291497,1,0.21739130434782608,22,1.8333333333333333,0,0,0.055865921787709494,0,7.602151678942514,0,4.504244267398131,2001.5,0.03915384870115372,89.4,2,0.19607843137254904,0.3921568627450981,0,1,0,0,0,5,90.5656108597285,4.1344763478620115,2.502605928691643,-118.400022,34.207295,1,0,0.4095172339420555,1
1.2237500000000001,3.6888794541139363,0,0.125,39,3.25,1,0,0.1019367991845056,0,7.540010614524708,0,3.9110225050945626,1880.85,0.021438265032678688,48.95,3,0.19607843137254904,0.5882352941176471,0,1,0,0,0,5,48.10358056265984,1.236506475576885,2.4041622598121704,-121.952417,37.351214,1,0,0.06186942567835984,1
2.3705882352941177,3.5263605246161616,0,0.11764705882352941,33,2.75,1,0,0.04956629491945478,0,7.885141110216103,0,4.401829261970061,2656.5,0.03529977858291935,80.6,1,0.0,0.24390243902439027,0,0,0,0,0,4,80.25679758308156,2.4391699568451015,2.466389595503739,-121.862395,37.633361,1,0,0.32409242524341136,1
2.01125,3.6888794541139363,0,0.1,39,3.25,1,0,0.04965859714463067,0,8.07170264645151,0,4.399989335048054,3201.55,0.035234084205903994,80.45,2,0.0,0.48780487804878053,0,0,0,1,0,4,81.88107416879795,2.104759713365328,1.8560092858139876,-120.954271,37.734971,1,0,0.18382706292929804,1
1.564,3.2188758248682006,0,0.12,24,2.0,0,0,0.07653061224489795,0,6.879664398815612,0,3.6913763343125234,971.3,0.017124334275336807,39.1,1,0.3225806451612903,0.3225806451612903,0,1,0,0,0,3,40.30290456431535,1.6859920152751258,3.0591636110610776,-120.414275,39.279068,1,0,0.1291896882786879,1
1.1686046511627908,3.7612001156935624,1,0.06976744186046512,42,3.5,1,0,0.05958291956305859,0,7.698324045123251,0,3.9367156180185177,2203.65,0.022007616300145128,50.25,0,0.0,0.0,0,0,0,0,0,3,52.343230403800476,1.2491638795986624,1.5694347871725187,-120.757977,37.524721,1,0,0.2004110637611766,1
5.93,1.6094379124341003,1,0.4,4,0.3333333333333333,0,1,0.06722689075630252,0,4.783316371371566,0,3.4226326623822203,118.5,0.012985588523369215,29.65,1,0.0,0.47619047619047616,0,0,0,0,0,2,28.902439024390247,7.3602484472049685,1.7924342321573463,-120.776141,37.785033,1,0,0.34023784290565756,1
1.895,2.302585092994046,0,0.1,9,0.75,0,0,0.05249343832020997,0,5.228967288413243,0,2.9932291433358724,185.6,0.008299389629606968,18.95,0,0.0,0.0,0,0,0,0,0,1,20.395604395604394,2.288532675709001,2.153889321111014,-121.926417,36.618337,1,0,0.08708087819592816,1
14.200000000000001,1.0986122886681096,1,1.3333333333333333,2,0.16666666666666666,0,1,0.09367681498829039,0,4.29592393562047,0,3.775057150354989,72.4,0.018657203072361843,42.6,2,0.24390243902439027,0.48780487804878053,0,1,0,0,0,4,34.476190476190474,17.658536585365855,3.577739974079735,-121.415927,39.473896,1,0,0.4709857258594303,1
18.900000000000002,1.0986122886681096,0,1.3333333333333333,2,0.16666666666666666,0,1,0.0704225352112676,1,4.741011408899505,0,4.055257173514054,113.55,0.02483247451180555,56.7,1,0.0,0.24390243902439027,0,0,0,0,0,4,54.07142857142857,27.695121951219512,2.3909772770122304,-118.759788,34.129058,1,0,0.16757202352118503,1
1.6468253968253967,4.143134726391533,0,0.1111111111111111,62,5.166666666666667,1,0,0.06740491092922485,0,8.761604962188237,0,4.6515765588022475,6383.35,0.04543861076895636,103.75,2,0.28169014084507044,0.28169014084507044,0,2,1,0,0,7,102.7914653784219,1.6605577378320024,3.313511856356399,-122.27011,38.489789,1,0,0.3451159550224838,1
2.254545454545455,3.4965075614664802,1,0.09090909090909091,32,2.6666666666666665,1,0,0.040268456375838924,0,7.7310311946881045,0,4.32280727501391,2276.95,0.03258441099961787,74.4,1,0.0,0.3225806451612903,0,0,0,0,0,3,70.93302180685357,2.2233668587052047,2.8266192159443446,-121.271616,38.69508,1,0,0.47211919535701746,1
9.65,0.6931471805599453,0,0.5,1,0.08333333333333333,0,1,0.05154639175257732,0,3.0106208860477417,0,3.0106208860477417,19.3,0.008452676509309472,19.3,0,0.0,0.0,0,0,0,0,0,1,17.545454545454543,17.545454545454543,1.8718925431703028,-119.60137,34.420998,1,0,0.29863238130653996,1
2.274285714285714,3.5553480614894135,0,0.11428571428571428,34,2.8333333333333335,1,0,0.05018820577164367,0,7.908129773227916,0,4.389498649512583,2718.3,0.034861816069483624,79.6,1,0.0,0.24390243902439027,0,0,0,0,0,4,79.71554252199414,2.351267191419428,2.4941350365328616,-118.459472,34.17847,1,0,0.29546870343353066,1
1.3475609756097562,3.713572066704308,0,0.0975609756097561,40,3.3333333333333335,1,0,0.07226738934056007,0,7.668654561592901,0,4.029806041084529,2139.2,0.024197428867323748,55.25,2,0.0,0.48780487804878053,0,0,0,0,0,4,53.34663341645884,1.33691644272233,4.744101208192076,-116.192313,33.200369,1,0,0.089340979336757,1
2.7916666666666665,3.58351893845611,0,0.19444444444444445,35,2.9166666666666665,1,0,0.06958250497017893,0,8.203673517791433,0,4.620058798481842,3653.35,0.044015232600290256,100.5,3,0.14084507042253522,0.4225352112676057,0,1,0,1,0,7,104.08404558404558,2.98208309525753,2.5784556888034094,-118.31003,34.177267,1,0,0.1865777825605686,1
1.6098484848484849,4.189654742026425,0,0.10606060606060606,65,5.416666666666667,1,0,0.06582040432534086,0,8.850918802369344,0,4.675162557808126,6979.8,0.04653351705254567,106.25,2,0.28169014084507044,0.28169014084507044,0,2,1,0,0,7,107.21658986175116,1.6519845684125818,3.9633706331041334,-121.83721,39.681488,1,0,0.30694665149204625,1
9.875,0.6931471805599453,0,0.5,1,0.08333333333333333,0,1,0.05037783375314861,0,3.0325462466767075,0,3.0325462466767075,19.75,0.008649759640355548,19.75,0,0.0,0.0,0,0,0,0,0,1,17.954545454545453,17.954545454545453,2.4716794856925657,-117.889656,34.712708,1,0,0.3833491292002245,1
4.9625,1.3862943611198906,0,0.25,3,0.25,0,1,0.05012531328320801,0,4.182813210209709,0,3.0373539482448106,64.55,0.008693555891699121,19.85,0,0.0,0.0,0,0,0,0,0,1,20.82258064516129,7.093406593406593,1.4377049159263036,-120.748394,37.361987,1,0,0.15875988460561394,1
3.9347826086956523,3.1354942159291497,0,0.21739130434782608,22,1.8333333333333333,0,0,0.05518763796909493,0,7.555695866704003,0,4.516338972281476,1910.6,0.03963560746593302,90.5,1,0.19607843137254904,0.19607843137254904,0,1,0,1,0,5,86.45248868778279,3.946705226192935,0.49312995902441176,-120.129921,35.916943,1,0,0.4076406824202334,1
2.0069444444444446,3.58351893845611,1,0.19444444444444445,35,2.9166666666666665,1,0,0.0967519004837595,1,7.851486065281684,0,4.293878247897177,2568.55,0.03164279159573106,72.25,3,0.14084507042253522,0.4225352112676057,0,1,0,0,0,7,73.17806267806267,2.096604358827851,3.510287970031504,-122.474773,38.554383,1,0,0.05380285324431922,1
2.40625,2.0794415416798357,1,0.125,7,0.5833333333333334,0,0,0.05167958656330749,0,4.730039168033961,0,3.0081547935525483,112.3,0.008430778383637686,19.25,0,0.0,0.0,0,0,0,0,0,1,15.816901408450704,2.2871690427698574,2.66933360394691,-122.076796,37.674002,1,0,0.1843396577971214,1
4.357142857142857,1.9459101490553132,0,0.2857142857142857,6,0.5,0,1,0.06535947712418301,0,5.345677937907874,0,3.449987545831587,208.7,0.01335785665978958,30.5,1,0.0,0.47619047619047616,0,0,0,0,0,2,34.21311475409836,5.781163434903046,2.9616663595469848,-118.112532,33.847755,1,0,0.20673893324127993,1
1.2754545454545456,4.007333185232471,0,0.09090909090909091,54,4.5,1,0,0.0711743772241993,0,8.220578003905167,0,4.264790324535862,3715.65,0.03072307031751604,70.15,0,0.3921568627450981,0.0,0,2,1,0,0,5,68.68114602587801,1.2741846987414698,4.448549221571821,-117.027095,32.802959,1,0,0.21577068664833346,1
5.0181818181818185,2.3978952727983707,0,0.36363636363636365,10,0.8333333333333334,0,0,0.07233273056057865,0,6.271649838789389,0,4.028916756899646,528.35,0.024175530741651963,55.2,2,0.0,0.48780487804878053,0,0,0,0,0,4,52.31188118811882,5.278221778221779,2.669858168614622,-118.309868,34.066367,1,0,0.15947891763970115,1
0.9741071428571428,4.02535169073515,0,0.08928571428571429,55,4.583333333333333,1,0,0.09149130832570906,0,7.999443652577423,0,4.017283516085639,2978.3,0.023890855107918742,54.55,2,0.3921568627450981,0.3921568627450981,0,2,1,0,0,5,54.05263157894737,0.9845294370434036,4.353368274597139,-120.612113,40.559177,1,0,0.10443873645905753,1
1.2664383561643835,4.290459441148391,0,0.1232876712328767,72,6.0,1,0,0.09724473257698542,0,8.770477899642435,1,4.537426533901572,6440.25,0.04048963436713268,92.45,4,0.21978021978021978,0.43956043956043955,1,2,1,0,0,9,89.3238557558946,1.2423082116471518,1.3279063629141952,-120.514191,37.40122,1,0,0.03531056633639174,1
1.4258333333333333,4.0943445622221,0,0.06666666666666667,59,4.916666666666667,1,0,0.04670169293636895,0,8.53417812725548,0,4.4607222816222185,5084.65,0.03746769302442619,85.55,0,0.24390243902439027,0.0,0,1,0,0,0,4,86.03468697123519,1.4606446238258022,2.1675090787097453,-121.944815,36.587497,1,0,0.1973694120072189,1
2.013157894736842,3.6375861597263857,1,0.07894736842105263,37,3.0833333333333335,1,0,0.0391644908616188,1,7.961771097640099,0,4.350277936359301,2868.15,0.03350413227783288,76.5,0,0.0,0.0,0,0,0,0,1,3,77.30862533692722,2.0949163684172087,2.9157048932175265,-118.020188,33.972119,1,0,0.08897344883877105,1
1.9217948717948719,3.6635616461296463,0,0.07692307692307693,38,3.1666666666666665,1,0,0.039973351099267154,0,7.962363432152192,0,4.330075229041782,2869.85,0.03282529038200751,74.95,0,0.0,0.0,0,0,0,0,0,3,75.3241469816273,1.987293123744893,2.7688711423434453,-120.916997,38.815515,1,0,0.3429647424028878,1
1.9805555555555556,3.9889840465642745,0,0.12962962962962962,53,4.416666666666667,1,0,0.06539000467071462,0,8.663282897288132,0,4.681668156960816,5785.5,0.04684009081195068,106.95,2,0.28169014084507044,0.28169014084507044,0,2,1,0,0,7,108.954802259887,2.059556441564914,3.065853015632234,-122.484966,37.760412,1,0,0.41675530001640093,1
1.3931372549019607,3.9318256327243257,1,0.0392156862745098,50,4.166666666666667,1,0,0.028109627547434998,0,8.144925887411512,0,4.277360322445531,3444.85,0.031117236579608187,71.05,0,0.0,0.0,0,0,0,0,0,2,68.75948103792415,1.377884884604616,2.424999898735657,-121.123886,38.313447,1,0,0.28182840641266377,1
3.9964285714285714,2.639057329615259,1,0.21428571428571427,13,1.0833333333333333,0,0,0.053523639607493304,0,6.600346576346323,0,4.0421736898931915,734.35,0.024504002626728756,55.95,0,0.3225806451612903,0.0,0,1,0,0,0,3,56.05725190839695,4.342696629213483,2.915912827198733,-117.537886,34.441123,1,0,0.4837075468905054,1
12.290000000000001,1.6094379124341003,0,0.8,4,0.3333333333333333,0,1,0.06498781478472786,1,5.440467758652715,0,4.134366236571586,229.55,0.026912796450625238,61.45,1,0.24390243902439027,0.24390243902439027,0,1,0,0,0,4,55.98780487804879,14.25776397515528,3.089774082828412,-118.073596,33.719221,1,0,0.13356051309507116,1
2.183333333333333,2.1972245773362196,1,0.1111111111111111,8,0.6666666666666666,0,0,0.05063291139240506,0,5.107762004826979,0,3.027715319407042,164.3,0.008605963389011975,19.65,0,0.0,0.0,0,0,0,0,0,1,20.283950617283953,2.5631825273010924,1.0909617943705074,-119.57013,35.215731,1,0,0.14916823824593858,1
1.5177419354838708,4.127134385045092,0,0.0967741935483871,61,5.083333333333333,1,0,0.06369426751592358,0,8.637515223314212,0,4.554928969551344,5638.3,0.04121227251430162,94.1,2,0.1639344262295082,0.3278688524590164,0,1,0,1,0,6,92.2798690671031,1.5152239929053237,3.47692305445704,-117.277533,33.888323,1,0,0.13009102589013372,1
24.95,0.6931471805599453,0,1.5,1,0.08333333333333333,0,1,0.06,0,3.929862923556477,0,3.929862923556477,49.9,0.021854329420442624,49.9,1,0.0,0.3225806451612903,0,0,0,0,0,3,45.36363636363636,45.36363636363636,2.27137452759552,-120.76901,38.336216,1,0,0.47957698279697447,1
1.2086206896551723,4.060443010546419,0,0.08620689655172414,57,4.75,1,0,0.07122507122507124,0,8.272391792949225,0,4.264087336809195,3913.3,0.030701172191844248,70.1,1,0.3921568627450981,0.19607843137254904,0,2,1,0,0,5,68.53415061295972,1.2044258410021238,3.290808527331945,-117.733655,33.720359,1,0,0.16119894154460063,1
10.05,0.6931471805599453,0,0.5,1,0.08333333333333333,0,1,0.0495049504950495,0,3.0492730404820207,0,3.0492730404820207,20.1,0.008803046520058052,20.1,0,0.0,0.0,0,0,0,0,0,1,18.272727272727273,18.272727272727273,4.224263005487691,-117.118456,33.017518,1,0,0.44038271319898953,1
1.931707317073171,3.713572066704308,0,0.0975609756097561,40,3.3333333333333335,1,0,0.05044136191677175,0,8.081737838008356,0,4.384523514872469,3233.85,0.03468663106410934,79.2,2,0.0,0.48780487804878053,0,0,0,0,0,4,80.64463840399002,2.021029935629023,2.9204653692955325,-118.127289,33.887676,1,0,0.1674250942690686,1
1.6041666666666667,2.4849066497880004,0,0.08333333333333333,11,0.9166666666666666,0,0,0.05167958656330749,1,5.200153117760806,0,3.0081547935525483,180.3,0.008430778383637686,19.25,0,0.0,0.0,0,0,0,0,0,1,16.243243243243246,1.4888521882741537,2.8774367210160063,-118.206459,33.885811,1,0,0.03346187457855056,1
2.9347826086956523,3.1354942159291497,0,0.2608695652173913,22,1.8333333333333333,0,0,0.08875739644970415,0,7.34281155126774,0,4.22683374526818,1544.05,0.029562469656911367,67.5,3,0.1639344262295082,0.49180327868852464,0,1,0,0,0,6,69.86651583710406,3.1895269572402394,2.226509705434062,-117.67828,35.603913,1,0,0.07293807759668315,1
6.3125,1.3862943611198906,1,0.25,3,0.25,0,1,0.03944773175542406,0,4.092676505121403,0,3.2676659890376327,58.9,0.01105855346425203,25.25,0,0.0,0.0,0,0,0,0,0,1,19.0,6.472527472527473,4.667729891556298,-121.428965,40.656287,1,0,0.46265235008169847,1
5.238235294117647,2.833213344056216,0,0.29411764705882354,16,1.3333333333333333,0,0,0.05608524957936063,0,7.2790429352887145,0,4.500365071621965,1448.6,0.039000561821451216,89.05,1,0.19607843137254904,0.19607843137254904,0,1,0,1,0,5,89.9751552795031,5.656384224912143,4.548318635485325,-115.769773,34.17211,1,0,0.4630632132559379,1
2.7857142857142856,1.9459101490553132,0,0.14285714285714285,6,0.5,0,1,0.0510204081632653,0,4.9924713234685845,0,3.0204248861443626,146.3,0.008540269011996617,19.5,0,0.0,0.0,0,0,0,0,0,1,23.98360655737705,4.052631578947368,4.4577844886159745,-117.090353,32.741859,1,0,0.09988078850043335,1
7.75,1.3862943611198906,0,0.5,3,0.25,0,1,0.06430868167202572,1,4.564868889214566,0,3.4657359027997265,95.05,0.013576837916507442,31.0,1,0.0,0.47619047619047616,0,0,0,0,0,2,30.661290322580644,10.445054945054945,5.533306101608056,-123.525626,40.372532,1,0,0.12950090394706432,1
8.975,1.791759469228055,0,0.6666666666666666,5,0.4166666666666667,0,1,0.07414272474513438,0,5.563753830052498,0,4.00460218672124,259.8,0.023584281348513737,53.85,2,0.0,0.48780487804878053,0,0,0,0,0,4,50.94117647058824,10.350597609561753,1.894270357325651,-120.37855,38.085839,1,0,0.2548025921519378,1
2.419512195121951,3.713572066704308,0,0.14634146341463414,40,3.3333333333333335,1,0,0.06042296072507553,0,8.309726119487035,0,4.607168188650764,4062.2,0.043445881332823816,99.2,2,0.3278688524590164,0.3278688524590164,0,2,1,1,0,6,101.30174563591022,2.5387163302293607,2.987085603316633,-118.210737,33.752524,1,0,0.2879191542858319,1
1.5475409836065575,4.110873864173311,0,0.08196721311475409,60,5.0,1,0,0.05291005291005291,0,8.632528790096142,0,4.558078578454241,5610.25,0.041343661268332346,94.4,1,0.3921568627450981,0.19607843137254904,0,2,1,0,0,5,93.3485856905158,1.5583594900141664,2.148743433910042,-120.849231,38.156971,1,0,0.2853225848637405,1
2.0572916666666665,3.8712010109078907,1,0.14583333333333334,47,3.9166666666666665,1,0,0.07081436519979768,0,8.419514208211142,0,4.602667055769973,4533.7,0.04324879820177774,98.75,3,0.14084507042253522,0.4225352112676057,1,1,0,0,0,7,96.25690021231422,2.0522837354578787,4.373754016048305,-117.19938,32.76501,1,0,0.2884051040327411,1
2.226,3.2188758248682006,0,0.16,24,2.0,0,0,0.07174887892376682,0,7.24533404602983,0,4.036891987474015,1400.55,0.024372613872698037,55.65,1,0.0,0.24390243902439027,0,0,0,0,0,4,58.114107883817425,2.431088352716542,3.0208613308331693,-122.434801,37.758085,1,0,0.1475610780574754,1
2.2382978723404254,3.8501476017100584,0,0.14893617021276595,46,3.8333333333333335,1,0,0.06647673314339982,0,8.481327643396213,0,4.665324108807838,4822.85,0.04607365641343816,105.2,3,0.28169014084507044,0.4225352112676057,0,2,1,1,0,7,104.61713665943601,2.2791219696611695,2.5747006190297173,-118.300942,34.188339,1,0,0.29184866734688486,1
1.274468085106383,3.8501476017100584,0,0.1276595744680851,46,3.8333333333333335,1,0,0.1,0,7.943658483183582,0,4.109233174715851,2816.65,0.026233954554799866,59.9,3,0.3278688524590164,0.49180327868852464,0,2,1,0,0,6,61.098698481561826,1.3310571334057937,3.053097254034286,-122.491129,37.722302,1,0,0.07681960784991294,1
1.2316326530612245,3.8918202981106265,0,0.10204081632653061,48,4.0,1,0,0.08271298593879238,0,7.971569062107552,0,4.116595171156921,2896.4,0.026431037685845944,60.35,3,0.0,0.5882352941176471,0,0,0,0,0,5,60.21621621621622,1.2570634955080076,3.5903043615579144,-122.668817,38.439696,1,0,0.07116535667248561,1
1.84,3.5553480614894135,0,0.17142857142857143,34,2.8333333333333335,1,0,0.09302325581395349,0,7.6447997205792655,0,4.180522258463153,2088.75,0.028204785865260627,64.4,3,0.0,0.49180327868852464,0,0,0,0,0,6,61.25366568914956,1.8067208718968948,3.135209490744853,-117.931507,33.764018,1,0,0.07754439691509578,1
4.741666666666666,2.8903717578961645,0,0.2777777777777778,17,1.4166666666666667,0,0,0.05851375073142189,0,7.28923502433979,0,4.458408804592688,1463.45,0.03738010052173904,85.35,2,0.0,0.3921568627450981,0,0,0,0,0,5,85.58187134502924,5.0620892424766515,3.563494664393286,-120.445626,39.786755,1,0,0.32808202506177603,1
6.325,1.3862943611198906,1,0.25,3,0.25,0,1,0.03937007874015748,0,4.366278277705742,0,3.269568939183719,77.75,0.011080451589923816,25.3,0,0.0,0.0,0,0,0,0,0,1,25.08064516129032,8.543956043956044,2.9081520727957053,-117.855059,34.119363,1,0,0.412939504757459,1
22.325,0.6931471805599453,0,2.0,1,0.08333333333333333,0,1,0.0893854748603352,0,3.8210036070409776,0,3.8210036070409776,44.65,0.019555026224905073,44.65,2,0.24390243902439027,0.48780487804878053,0,1,0,0,0,4,40.590909090909086,40.590909090909086,3.196561106059377,-121.409837,39.043387,1,0,0.3077320331242767,1
3.0217391304347827,3.1354942159291497,0,0.21739130434782608,22,1.8333333333333333,0,0,0.07183908045977012,0,7.312686911484158,0,4.255612709818223,1498.2,0.030438394683782816,69.5,1,0.3921568627450981,0.19607843137254904,0,2,1,0,0,5,67.7918552036199,3.094815120842801,4.976286492865896,-121.107929,41.083464,1,0,0.29210186512596875,1
10.1,0.6931471805599453,0,0.5,1,0.08333333333333333,0,1,0.04926108374384236,0,3.054001181677967,0,3.054001181677967,20.2,0.008846842771401624,20.2,0,0.0,0.0,0,0,0,0,0,1,18.36363636363636,18.36363636363636,2.4718417297650186,-118.61017,34.115192,1,0,0.41303976312270463,1
1.707142857142857,2.639057329615259,1,0.07142857142857142,13,1.0833333333333333,0,0,0.041666666666666664,0,5.709764546333749,0,3.214867803470662,300.8,0.010467304071113803,23.9,0,0.0,0.0,0,0,0,0,0,1,22.961832061068705,1.778829095209935,1.0904718746431876,-120.653519,36.959731,1,0,0.20675537032771615,1
6.2846153846153845,2.5649493574615367,0,0.3076923076923077,12,1.0,0,0,0.0488997555012225,0,6.756467164768355,0,4.415219602029645,858.6,0.03578153734769865,81.7,2,0.0,0.48780487804878053,0,0,0,0,0,4,70.95867768595042,5.9583622484385845,1.9846558054054855,-120.364085,38.184914,1,0,0.3854646399745487,1
9.9,0.6931471805599453,0,0.5,1,0.08333333333333333,0,1,0.05025125628140703,0,3.0349529867072724,0,3.0349529867072724,19.8,0.008671657766027335,19.8,0,0.0,0.0,0,0,0,0,0,1,18.0,18.0,3.743660204871158,-122.050763,39.273096,1,0,0.43402378764078714,1
10.125,0.6931471805599453,0,0.5,1,0.08333333333333333,0,1,0.04914004914004914,0,3.056356895370426,0,3.056356895370426,20.25,0.00886874089707341,20.25,0,0.0,0.0,0,0,0,0,0,1,18.409090909090907,18.409090909090907,3.0852788343897797,-122.024568,38.419088,1,0,0.4126407034625258,1
3.658620689655172,3.367295829986474,0,0.2413793103448276,28,2.3333333333333335,1,0,0.06591337099811677,0,7.95451271210797,0,4.673762977453703,2847.4,0.04646782267553031,106.1,2,0.28169014084507044,0.28169014084507044,0,2,1,0,0,7,101.33096085409252,3.63142456319347,0.3411096236549011,-120.119911,36.397745,1,0,0.4915160738133025,1
6.385714285714286,2.639057329615259,1,0.42857142857142855,13,1.0833333333333333,0,0,0.0670391061452514,0,7.032933127710366,0,4.504244267398131,1132.35,0.03915384870115372,89.4,3,0.0,0.49180327868852464,0,0,0,1,0,6,86.43893129770991,6.696333530455352,2.6458598969877665,-117.894868,34.445239,1,0,0.47887858789571613,1
26.975,0.6931471805599453,1,2.0,1,0.08333333333333333,0,1,0.07400555041628122,0,4.006423680849631,0,4.006423680849631,53.95,0.02362807759985731,53.95,2,0.0,0.48780487804878053,0,0,0,0,0,4,49.04545454545455,49.04545454545455,3.577739974079735,-121.415927,39.473896,1,0,0.49150871619671466,1
1.0276785714285714,4.02535169073515,0,0.08928571428571429,55,4.583333333333333,1,0,0.08673026886383348,0,8.022044047035255,1,4.069881090043726,3046.4,0.025204742648225913,57.55,3,0.0,0.5882352941176471,0,0,0,0,0,5,55.28856624319419,1.0070410895507587,2.501053193576541,-122.080621,37.306612,1,0,0.03862777333038488,1
1.6398550724637682,4.23410650459726,0,0.13043478260869565,68,5.666666666666667,1,0,0.07947019867549669,0,8.969160133175821,0,4.737513372975805,7856.0,0.04955545839525217,113.15,4,0.21978021978021978,0.43956043956043955,1,2,1,1,0,9,115.35976505139502,1.698925196254406,2.007601775269339,-119.094824,34.402343,1,0,0.12287842701323415,1
1.4850746268656716,4.204692619390966,0,0.08955223880597014,66,5.5,1,0,0.06024096385542169,0,8.828076521038081,0,4.61015772749913,6822.15,0.04357727008685453,99.5,1,0.3278688524590164,0.1639344262295082,0,2,1,0,0,6,103.20953101361573,1.5661141847065032,1.8653566714109968,-119.710008,34.419203,1,0,0.2937369356639783,1
2.436046511627907,3.7612001156935624,0,0.16279069767441862,42,3.5,1,0,0.06676204101096805,0,8.372040243649433,0,4.661077817926388,4323.45,0.045876573282392086,104.75,2,0.28169014084507044,0.28169014084507044,0,2,1,0,0,7,102.69477434679334,2.450796440111105,4.494196026345033,-121.579609,40.408796,1,0,0.436593506038035,1
3.0818181818181816,2.3978952727983707,0,0.18181818181818182,10,0.8333333333333334,0,0,0.058823529411764705,0,5.701947458710471,0,3.5524868292083815,298.45,0.014846929205471041,33.9,0,0.47619047619047616,0.0,0,1,0,0,0,2,29.54950495049505,2.9815184815184814,7.113621155361334,-124.097094,41.950683,1,0,0.29985522872104875,1
2.5500000000000003,3.4965075614664802,0,0.12121212121212122,32,2.6666666666666665,1,0,0.04747774480712166,0,7.8582348545929905,0,4.444414407108697,2585.95,0.036854545505616176,84.15,1,0.24390243902439027,0.24390243902439027,0,1,0,0,0,4,80.55919003115264,2.5250952055463336,2.7941900555227974,-121.218435,38.689174,1,0,0.39097136782712216,1
4.370588235294117,2.833213344056216,0,0.17647058823529413,16,1.3333333333333333,0,0,0.040322580645161296,0,7.072633922164371,0,4.321480134805848,1178.25,0.03254061474827429,74.3,1,0.0,0.3225806451612903,0,0,0,0,0,3,73.1832298136646,4.600741897696212,2.2763967123903766,-121.795867,37.375156,1,0,0.36620602872456676,1
1.8064102564102564,3.6635616461296463,0,0.05128205128205128,38,3.1666666666666665,1,0,0.02834868887313962,0,7.862728117448636,0,4.268997904375876,2597.6,0.030854459071546755,70.45,0,0.0,0.0,0,0,0,0,0,2,68.17847769028872,1.7987673983796137,3.8654125537115767,-121.058043,39.937017,1,0,0.2918561447845282,1
1.9489795918367347,3.8918202981106265,0,0.12244897959183673,48,4.0,1,0,0.06276150627615062,0,8.440063736099237,0,4.56954300834494,4627.85,0.04182542003311164,95.5,3,0.1639344262295082,0.49180327868852464,0,1,0,1,0,6,96.21309771309772,2.008528275682479,2.8762185215539837,-118.128628,33.940884,1,0,0.12254805867868143,1
4.773684210526316,2.9444389791664403,0,0.2631578947368421,18,1.5,0,0,0.05506607929515419,0,7.376664559646836,0,4.51852237926242,1597.25,0.039723199968620164,90.7,1,0.19607843137254904,0.19607843137254904,0,1,0,0,0,5,88.24585635359115,4.928262881826597,5.1267038309124,-115.596574,33.345825,1,0,0.46378925783278446,1
2.692857142857143,3.5553480614894135,1,0.17142857142857143,34,2.8333333333333335,1,0,0.06359300476947537,0,8.0766862265592,0,4.55650501400681,3217.55,0.041277966891316985,94.25,2,0.1639344262295082,0.3278688524590164,0,1,0,0,0,6,94.35630498533725,2.783106997664562,3.2248071150207265,-121.961866,38.674276,1,0,0.4834380308797507,1
2.6952380952380954,3.7376696182833684,1,0.19047619047619047,41,3.4166666666666665,1,0,0.07060900264783761,0,8.453294465566005,0,4.73795129722191,4689.5,0.04957735652092395,113.2,3,0.2469135802469136,0.3703703703703704,1,2,1,0,0,8,114.09975669099757,2.789542561418119,3.02157090544494,-118.012204,33.845706,1,0,0.4557392497029362,1
1.6838709677419357,4.127134385045092,0,0.11290322580645161,61,5.083333333333333,1,0,0.06698564593301436,0,8.764990330169104,0,4.657762636107262,6405.0,0.045723286402689585,104.4,2,0.28169014084507044,0.28169014084507044,0,2,1,0,0,7,104.82815057283142,1.7212652172744618,2.6325872002954744,-118.326843,34.099869,1,0,0.34677348628333665,1
6.360714285714286,2.639057329615259,0,0.35714285714285715,13,1.0833333333333333,0,0,0.05608524957936063,0,7.065058128355913,0,4.500365071621965,1169.35,0.039000561821451216,89.05,2,0.19607843137254904,0.3921568627450981,0,1,0,1,0,5,89.26335877862594,6.915138971023063,4.291375240280704,-122.018567,39.955164,1,0,0.4530198152195182,1
35.225,0.6931471805599453,0,1.0,1,0.08333333333333333,0,1,0.02834868887313962,1,4.268997904375876,0,4.268997904375876,70.45,0.030854459071546755,70.45,0,0.0,0.0,0,0,0,0,1,2,64.04545454545455,64.04545454545455,3.0317825470068174,-118.065591,33.79499,1,0,0.3936876388765626,1
6.533333333333334,1.0986122886681096,1,0.3333333333333333,2,0.16666666666666666,0,1,0.05076142131979695,0,3.6068556186353455,0,3.0252910757955354,35.85,0.00858406526334019,19.6,0,0.0,0.0,0,0,0,0,0,1,17.071428571428573,8.74390243902439,1.858329685836904,-121.622188,36.64152,1,0,0.30201683519737443,1
10.0375,1.3862943611198906,0,0.75,3,0.25,0,1,0.07453416149068323,0,4.880906187421472,0,3.717223927123079,130.75,0.017584194914444316,40.15,1,0.3225806451612903,0.3225806451612903,0,1,0,0,0,3,42.17741935483871,14.368131868131869,1.5951100385090404,-121.279679,36.875409,1,0,0.45183438359420747,1
4.1899999999999995,1.6094379124341003,0,0.2,4,0.3333333333333333,0,1,0.047505938242280284,0,4.460144413937834,0,3.08876713952118,85.5,0.009175314656478417,20.95,0,0.0,0.0,0,0,0,0,0,1,20.853658536585368,5.31055900621118,3.843410031866817,-117.299644,33.362575,1,0,0.18526052923360323,1
2.4348484848484846,3.4965075614664802,0,0.12121212121212122,32,2.6666666666666665,1,0,0.04972032318210069,0,7.862169968947402,0,4.3987608336650466,2596.15,0.03519028795456042,80.35,1,0.0,0.24390243902439027,0,0,0,0,0,4,80.87694704049844,2.5350551703935165,3.2841241871699696,-117.902304,33.601309,1,0,0.29740823582051273,1
0.9273584905660377,3.970291913552122,1,0.07547169811320754,52,4.333333333333333,1,0,0.08121827411167512,0,7.844593458743952,0,3.9150185144079446,2550.9,0.021525857535365834,49.15,1,0.48780487804878053,0.24390243902439027,0,2,1,0,0,4,48.9616122840691,0.9433452904848194,1.8022483795439022,-118.101378,35.676978,1,0,0.24349489560040133,1
1.6422413793103448,4.060443010546419,0,0.10344827586206896,57,4.75,1,0,0.06292606187729419,0,8.599335232408281,0,4.566948973167894,5427.05,0.04171592940475271,95.25,2,0.1639344262295082,0.3278688524590164,0,1,0,0,0,6,95.0446584938704,1.6703240897479303,3.2841241871699696,-117.902304,33.601309,1,0,0.16243415356777413,1
2.93125,3.4657359027997265,1,0.1875,31,2.5833333333333335,1,0,0.06389776357827477,0,8.013177659578796,0,4.551769409260976,3019.5,0.04108088376027091,93.8,2,0.1639344262295082,0.3278688524590164,0,1,0,0,0,6,97.09003215434083,3.1417126209551554,2.5372587110320257,-118.399795,34.165783,1,0,0.4406271098273158,1
1.9640350877192982,4.04305126783455,0,0.14035087719298245,56,4.666666666666667,1,0,0.071396697902722,0,8.767157820238706,0,4.726945242914012,6418.9,0.0490299033791293,111.95,3,0.2469135802469136,0.3703703703703704,0,2,1,1,0,8,114.41889483065953,2.0467778450942253,4.452343885504407,-117.07245,32.762506,1,0,0.22786756111770112,1
1.599193548387097,4.127134385045092,1,0.0967741935483871,61,5.083333333333333,1,0,0.060453400503778336,0,8.70135472108808,0,4.606669062111827,6010.05,0.04342398320715203,99.15,1,0.3278688524590164,0.1639344262295082,0,2,1,0,0,6,98.36415711947627,1.6151272473193412,1.3892872921462431,-120.426843,37.521708,1,0,0.46517808810501676,1
2.366216216216216,3.6109179126442243,1,0.13513513513513514,36,3.0,1,0,0.05704506560182545,0,8.032392625474397,0,4.4835673642288425,3078.1,0.03834361805129763,87.55,2,0.19607843137254904,0.3921568627450981,0,1,0,1,0,5,85.26592797783933,2.374893912506751,0.6038483214581959,-120.288644,36.635661,1,0,0.3979603320800592,1
1.8637254901960785,3.9318256327243257,1,0.11764705882352941,50,4.166666666666667,1,0,0.06305832895428272,0,8.494886230893696,0,4.564868889214566,4888.7,0.04162833690206556,95.05,2,0.1639344262295082,0.3278688524590164,0,1,0,0,0,6,97.57884231536926,1.9554017839286428,2.088814812985612,-118.699048,34.506627,1,0,0.3839111971957626,1
4.742307692307692,2.5649493574615367,0,0.46153846153846156,12,1.0,0,0,0.09716599190283401,0,6.571932831202421,0,4.137563681342077,713.75,0.02700038895331238,61.65,3,0.0,0.49180327868852464,0,0,0,0,0,6,58.98760330578513,4.953157529493407,3.250815848616314,-117.559639,33.925833,1,0,0.10128171016840759,1
0.9244897959183673,3.8918202981106265,0,0.08163265306122448,48,4.0,1,0,0.0881057268722467,0,7.671360923190644,0,3.835141961092188,2145.0,0.019839701858638294,45.3,2,0.24390243902439027,0.48780487804878053,0,1,0,0,0,4,44.5945945945946,0.9309491775530576,2.908148912247283,-117.618263,34.358321,1,0,0.06412210239231396,1
2.995,2.302585092994046,1,0.2,9,0.75,0,0,0.06655574043261231,0,5.521260897859579,0,3.432372999130605,248.95,0.013116977277399933,29.95,1,0.0,0.47619047619047616,0,0,0,0,0,2,27.357142857142858,3.069667077681874,1.984270846543832,-119.306383,34.360261,1,0,0.34791212004983296,1
3.47,2.302585092994046,0,0.2,9,0.75,0,0,0.057471264367816084,0,5.694068782468562,0,3.5751506887855933,296.1,0.015197299216219623,34.7,0,0.47619047619047616,0.0,0,1,0,0,0,2,32.53846153846154,3.6510480887792855,3.0977514219610134,-117.906099,33.830209,1,0,0.3185225957039134,1
8.961111111111112,2.1972245773362196,0,0.4444444444444444,8,0.6666666666666666,0,0,0.04953560371517028,1,6.4525220286398515,0,4.402441819416474,633.3,0.03532167670859114,80.65,1,0.0,0.24390243902439027,0,0,0,0,1,4,78.18518518518518,9.8798751950078,2.759211961472356,-118.185237,34.044271,1,0,0.17803982846121857,1
1.7096774193548387,4.127134385045092,0,0.11290322580645161,61,5.083333333333333,1,0,0.06597549481621112,0,8.787021835648426,0,4.672828834461906,6547.7,0.04642402642418674,106.0,2,0.28169014084507044,0.28169014084507044,0,2,1,0,0,7,107.16366612111293,1.7596140926070247,3.513837098693973,-122.047751,38.982373,1,0,0.36711066295051215,1
8.433333333333334,1.791759469228055,0,0.5,5,0.4166666666666667,0,1,0.05917159763313609,0,5.525253716100942,0,3.9435216724875173,249.95,0.022160903179847632,50.6,0,0.0,0.0,0,0,0,0,0,3,49.009803921568626,9.95816733067729,3.1878016946540373,-117.122396,34.55082,1,0,0.4168313872275399,1
